{
	"test_bounty":{

		"required_mods_id": ["do_not_load"],

		"trigger_market_id":["asharu"],
		"trigger_marketFaction_any":["independent"],
		"trigger_marketFaction_alliedWith":true,
		#"trigger_marketFaction_none":["pirates"],
		#"trigger_marketFaction_enemyWith":false,
		"trigger_market_minSize":4,
		"trigger_player_minLevel":1,
		"trigger_min_days_elapsed":2,
		"trigger_weight_mult":1,
		#"trigger_memKeys_all":{},
		#"trigger_memKeys_any":{},
		#"trigger_playerRelationship_atLeast":{"hegemony":0.1,},
		"trigger_playerRelationship_atMost":{
			"pirates":-0.25,
		},

		"job_name":"Take down a pirate upstart",
		"job_description":"The son of some TT bigwig has made very public their dislike for a sheltered lavish life of luxure and decided to invest \"their\" money to form a merry band of \"pirates\" and enjoy a more eventful existence. They even went as far as to make an announcement when entering the $system_name system! This is an outrage, and proof of the utter disregard from the rich about the 99%% yadda yadda yadda.\nThe part that interests me, and by extension the reader of this note, is that in the Tri-Tachyon influential spheres there is always something to gain from shining a light on the antics of one's troublesome heir. Find the fleet, destroy it. The target's survival is irrelevant, we will have our media coverage ready before the deed is done.\nTime is of the essence here.",
		#"job_description":"error?",
		"job_comm_reply":"Finally, time for some ==action==! Come at me dude, ==I'll show you== what this baby can do!",
		#"job_comm_reply":"error?",
		"job_intel_success": "Minutes after the battle your comm officer signals you the reception an anonymous payment, along a link to a StellNet article describing the damning actions of one rising TT exec's child and their gruelling end at the hand of a courageous mercenary outfit.",
		#"job_intel_success": "error?",
		#"job_intel_failure": "",
		"job_intel_expired": "Your Comm officer presents you with a StelNet article describing the heroic boarding of that troublesome heir's flagship by an elite TT commando, the capture of that Pirate wanabe and their subsequent admission in an Addiction Recovery Center. It also showered their father's with praises for their level headed actions and swift decision making that prevented what could have been a PR disaster.",
		#"job_intel_expired": "error?",
		"job_forFaction":"persean",
		"job_difficultyDescription": "auto",
		"job_deadline":45,
		"job_reputation_reward":10,
		"job_item_reward": {
			"pristine_nanoforge": 2,
			"ship_bp buffalo": 1,
			"crew": 10000
		},
		"job_credit_reward":90000,
		"job_reward_scaling":1.0,
		"job_type":"assassination",
		"job_show_type":true,
		"job_show_captain":true,
		"job_show_fleet":"FlagshipText",
		"job_show_distance":"vanilla",
		"job_show_arrow":true,
		"job_pick_option":"Accept the job",
		#"job_pick_script":"magiclib_test_bounty_completed",
		"job_memKey":"$test_bounty",
		#"job_conclusion_script":"magiclib_test_bounty_completed",

		"target_importantPersonId": "your_important_person_id_optional",
		"target_first_name":"Jonas-August",
		"target_last_name":"Lindenburg the Third",
		#"target_portrait":"",
		"target_gender":"MALE",
		"target_rank":"citizen",
		"target_post":"aristocrat",
		"target_personality":"reckless",
		"target_aiCoreId": null,
		"target_level":1,
		"target_elite_skills":-1,
		"target_skill_preference":"GENERIC",
		#"target_skills":{},

		"fleet_name":"A merry band of pirates",
		"fleet_faction":"pirates",
		#"fleet_flagship_variant":"hyperion_Strike",
		"fleet_flagship_variant":"radiant_Standard",
		"fleet_flagship_name":"Conqueror of the Stars",
		"fleet_flagship_alwaysRecoverable":false,
		"fleet_preset_ships":{
			"tempest_Attack":2,
			#"shade_Assault":1,
			#"omen_PD":2,
			"revenant_Elite":1,
		},
		"fleet_scaling_multiplier":0.25,
		#"fleet_min_FP":-1,
		"fleet_min_FP":60,
		"fleet_composition_faction":"tritachyon",
		"fleet_composition_quality":2,
		"fleet_transponder":false,
		"fleet_behavior":"ROAMING",
		"fleet_musicSetId": null,

		#"location_marketIDs":[],
		#"location_marketFactions":[],
		"location_distance":"",
		"location_themes":[
		],
		#"location_themes_blacklist":[],
		"location_entities":[
			"gate",
			"station",
			"wreck",
			"debris",
			"stable_location",
			"comm_relay",
			"nav_buoy",
			"sensor_array",
			"gas_giant",
			"planet",
			"jump_point"
		],
		"location_prioritizeUnexplored":true,
		"location_defaultToAnyEntity":true
	},
}