{
	"magiclib_campaign_trail_custom_entity":{
		"defaultName":"YOU SHOULDN'T SEE THIS", # used if name=null in addCustomEntity()
		"defaultRadius":85, # used if radius<0 in addCustomEntity()
		"iconWidth":1,
		"iconHeight":1,
		"renderShadow":false,
		"useLightColor":true,
		"showInCampaign":true,
		"showIconOnMap":false,
		"showNameOnMap":false,
		"scaleNameWithZoom":false,
		"scaleIconWithZoom":true,
		"tags":["not_random_mission_target"],
		"layers":[ABOVE, FLEETS, ASTEROIDS, JUMP_POINTS, PLANETS, RINGS, STATIONS, TERRAIN_7A], # what layer(s) to render in. See CampaignEngineLayers.java for possible values
		"pluginClass":"org.magiclib.util.MagicCustomCampaignTrailEntityScript",
	},
}


