{
  "id": "MagicLib",
  "name": "MagicLib",
  "author": "Modding Community: Dark.Revenant, LazyWizard, Nicke, Originem, Rubi, Schaf-Unschaf, Snrasha, Tartiflette, Wisp, Wyvern...",
  "utility": "false",
  # Using the long version format lets the game correctly compare major/minor/patch versions.
  "version": { "major": '1', "minor": '4', "patch": '6' },
  "description": "A collection of classes to aid modding. Not a mod in itself, but required by other mods.",
  "gameVersion": "0.97a-RC11",
  "dependencies": [
    {
      "id": "lw_lazylib",
      "name": "LazyLib",
      "version": "2.8b"
    }
  ],
  "jars": [ "jars/MagicLib.jar", "jars/MagicLib-Kotlin.jar" ],
  "modPlugin": "org.magiclib.Magic_modPlugin"
}
